{
    "n_components": 0.7,
    "threshold_percent": 17,
    "faults": {
        "d01": {
            "threshold": 1.050256366400805,
            "FAR": 0.0,
            "FDR": 0.995,
            "DD": 3.7518913895392205
        },
        "d02": {
            "threshold": 0.6298864757992391,
            "FAR": 0.0375,
            "FDR": 0.9875,
            "DD": 29.96725026877156
        },
        "d03": {
            "threshold": 0.2895160343043017,
            "FAR": 0.79375,
            "FDR": 0.83625,
            "DD": 0.0012650163695740457
        },
        "d04": {
            "threshold": 0.6755941975092731,
            "FAR": 0.025,
            "FDR": 0.99,
            "DD": 0.7243002908560334
        },
        "d05": {
            "threshold": 0.312425433934022,
            "FAR": 0.65,
            "FDR": 0.865,
            "DD": 0.28061537192287217
        },
        "d06": {
            "threshold": 3.2383400093039154,
            "FAR": 0.0,
            "FDR": 0.995,
            "DD": 359.3356036767389
        },
        "d07": {
            "threshold": 1.234529384401305,
            "FAR": 0.0,
            "FDR": 0.995,
            "DD": 2.297939495516497
        },
        "d08": {
            "threshold": 0.5642643952013561,
            "FAR": 0.0625,
            "FDR": 0.9825,
            "DD": 3.6095107205552353
        },
        "d09": {
            "threshold": 0.29056972733048414,
            "FAR": 0.85,
            "FDR": 0.825,
            "DD": -0.00039277610704385735
        },
        "d10": {
            "threshold": 0.3487378958626271,
            "FAR": 0.43125,
            "FDR": 0.90875,
            "DD": 0.29775867874414974
        },
        "d11": {
            "threshold": 0.39361099311238223,
            "FAR": 0.40625,
            "FDR": 0.91375,
            "DD": 0.7816999381552152
        },
        "d12": {
            "threshold": 0.56312508575361,
            "FAR": 0.0875,
            "FDR": 0.9775,
            "DD": 3.0142375479581975
        },
        "d13": {
            "threshold": 0.4655339320050102,
            "FAR": 0.15625,
            "FDR": 0.96375,
            "DD": 8.087727642449071
        },
        "d14": {
            "threshold": 2.232415216999272,
            "FAR": 0.0,
            "FDR": 0.995,
            "DD": 5.009546456334481
        },
        "d15": {
            "threshold": 0.28356397209710216,
            "FAR": 0.75625,
            "FDR": 0.84375,
            "DD": 0.04645114866490979
        },
        "d16": {
            "threshold": 0.36288261013351114,
            "FAR": 0.56875,
            "FDR": 0.88125,
            "DD": 0.22569841392019246
        },
        "d17": {
            "threshold": 0.5134834291238455,
            "FAR": 0.175,
            "FDR": 0.96,
            "DD": 29.030271106033762
        },
        "d18": {
            "threshold": 0.43910855063264176,
            "FAR": 0.26875,
            "FDR": 0.94125,
            "DD": 342.3534926862343
        },
        "d19": {
            "threshold": 0.34593795490038165,
            "FAR": 0.53125,
            "FDR": 0.88875,
            "DD": 0.1708641178922765
        },
        "d20": {
            "threshold": 0.35476918301613064,
            "FAR": 0.45625,
            "FDR": 0.90375,
            "DD": 1.148265337168404
        },
        "d21": {
            "threshold": 0.33256960248378264,
            "FAR": 0.70625,
            "FDR": 0.85375,
            "DD": 0.6942986719485427
        }
    }
}