{
    "n_components": 0.2,
    "threshold_percent": 17,
    "faults": {
        "d01": {
            "threshold": 1.6264010154737711,
            "FAR": 0.0,
            "FDR": 0.995,
            "DD": 18.113828827489133
        },
        "d02": {
            "threshold": 1.2698228616818326,
            "FAR": 0.0375,
            "FDR": 0.9875,
            "DD": 72.15207897571297
        },
        "d03": {
            "threshold": 0.7152489703331906,
            "FAR": 0.7625,
            "FDR": 0.8425,
            "DD": 0.07679345812077432
        },
        "d04": {
            "threshold": 1.2238529131292641,
            "FAR": 0.04375,
            "FDR": 0.98625,
            "DD": 1.0205271375802238
        },
        "d05": {
            "threshold": 0.7574955568463306,
            "FAR": 0.6625,
            "FDR": 0.8625,
            "DD": 0.676966368859732
        },
        "d06": {
            "threshold": 3.7141979193163657,
            "FAR": 0.0,
            "FDR": 0.995,
            "DD": 567.7605578413875
        },
        "d07": {
            "threshold": 2.8123886767922666,
            "FAR": 0.0,
            "FDR": 0.995,
            "DD": 4.856228746920133
        },
        "d08": {
            "threshold": 1.1066822112196097,
            "FAR": 0.075,
            "FDR": 0.98,
            "DD": 8.559063119440342
        },
        "d09": {
            "threshold": 0.7185521761286955,
            "FAR": 0.86875,
            "FDR": 0.82125,
            "DD": -0.014209739851494319
        },
        "d10": {
            "threshold": 0.8017990196790815,
            "FAR": 0.46875,
            "FDR": 0.90125,
            "DD": 0.5366291676034116
        },
        "d11": {
            "threshold": 0.9205826871482189,
            "FAR": 0.45,
            "FDR": 0.905,
            "DD": 1.3294067993932435
        },
        "d12": {
            "threshold": 1.3100933809688218,
            "FAR": 0.0375,
            "FDR": 0.9875,
            "DD": 7.704244190319388
        },
        "d13": {
            "threshold": 1.0100541529418148,
            "FAR": 0.15625,
            "FDR": 0.96375,
            "DD": 14.32063738122212
        },
        "d14": {
            "threshold": 4.137315525308218,
            "FAR": 0.0,
            "FDR": 0.995,
            "DD": 9.705024088101611
        },
        "d15": {
            "threshold": 0.6784564766195309,
            "FAR": 0.7625,
            "FDR": 0.8425,
            "DD": 0.10265544728280163
        },
        "d16": {
            "threshold": 0.8444500384396284,
            "FAR": 0.65625,
            "FDR": 0.86375,
            "DD": 0.28228176316357145
        },
        "d17": {
            "threshold": 1.0329629309069746,
            "FAR": 0.20625,
            "FDR": 0.95375,
            "DD": 42.1473860997699
        },
        "d18": {
            "threshold": 0.9977308688578387,
            "FAR": 0.25625,
            "FDR": 0.94375,
            "DD": 441.86664761120954
        },
        "d19": {
            "threshold": 0.7969507975778817,
            "FAR": 0.525,
            "FDR": 0.89,
            "DD": 0.274579727552535
        },
        "d20": {
            "threshold": 0.8011841146318994,
            "FAR": 0.4625,
            "FDR": 0.9025,
            "DD": 1.5291824543681094
        },
        "d21": {
            "threshold": 0.7893183873844756,
            "FAR": 0.66875,
            "FDR": 0.86125,
            "DD": 1.1896098404515392
        }
    }
}