{
    "n_components": 0.2,
    "threshold_percent": 17,
    "faults": {
        "d01": {
            "threshold": 1.6264010154737711,
            "FAR": 0.0,
            "FDR": 0.995,
            "DD": 13
        },
        "d02": {
            "threshold": 1.2698228616818326,
            "FAR": 0.0375,
            "FDR": 0.9875,
            "DD": 19
        },
        "d03": {
            "threshold": 0.7152489703331906,
            "FAR": 0.7625,
            "FDR": 0.8425,
            "DD": 26
        },
        "d04": {
            "threshold": 1.2238529131292641,
            "FAR": 0.04375,
            "FDR": 0.98625,
            "DD": 9
        },
        "d05": {
            "threshold": 0.7574955568463306,
            "FAR": 0.6625,
            "FDR": 0.8625,
            "DD": 9
        },
        "d06": {
            "threshold": 3.7141979193163657,
            "FAR": 0.0,
            "FDR": 0.995,
            "DD": 13
        },
        "d07": {
            "threshold": 2.8123886767922666,
            "FAR": 0.0,
            "FDR": 0.995,
            "DD": 9
        },
        "d08": {
            "threshold": 1.1066822112196097,
            "FAR": 0.075,
            "FDR": 0.98,
            "DD": 28
        },
        "d09": {
            "threshold": 0.7185521761286955,
            "FAR": 0.86875,
            "FDR": 0.82125,
            "DD": 9
        },
        "d10": {
            "threshold": 0.8017990196790815,
            "FAR": 0.46875,
            "FDR": 0.90125,
            "DD": 22
        },
        "d11": {
            "threshold": 0.9205826871482189,
            "FAR": 0.45,
            "FDR": 0.905,
            "DD": 14
        },
        "d12": {
            "threshold": 1.3100933809688218,
            "FAR": 0.0375,
            "FDR": 0.9875,
            "DD": 30
        },
        "d13": {
            "threshold": 1.0100541529418148,
            "FAR": 0.15625,
            "FDR": 0.96375,
            "DD": 44
        },
        "d14": {
            "threshold": 4.137315525308218,
            "FAR": 0.0,
            "FDR": 0.995,
            "DD": 10
        },
        "d15": {
            "threshold": 0.6784564766195309,
            "FAR": 0.7625,
            "FDR": 0.8425,
            "DD": 91
        },
        "d16": {
            "threshold": 0.8444500384396284,
            "FAR": 0.65625,
            "FDR": 0.86375,
            "DD": 23
        },
        "d17": {
            "threshold": 1.0329629309069746,
            "FAR": 0.20625,
            "FDR": 0.95375,
            "DD": 30
        },
        "d18": {
            "threshold": 0.9977308688578387,
            "FAR": 0.25625,
            "FDR": 0.94375,
            "DD": 83
        },
        "d19": {
            "threshold": 0.7969507975778817,
            "FAR": 0.525,
            "FDR": 0.89,
            "DD": 13
        },
        "d20": {
            "threshold": 0.8011841146318994,
            "FAR": 0.4625,
            "FDR": 0.9025,
            "DD": 86
        },
        "d21": {
            "threshold": 0.7893183873844756,
            "FAR": 0.66875,
            "FDR": 0.86125,
            "DD": 19
        }
    }
}